Workbook
Name Slicer_Charge_Category: #N/A
Name Slicer_Contract: #N/A
Name Slicer_MultipleLines: #N/A

Sheet Overview
A1: TELCO CUSTOMER WORKBOOK
A2: Statistical overview, analysis, and supporting customer data
A6: CONTENTS
A7: Statistical Insights | B7: Key findings, live KPI references, comparison tables, and charts.
A8: Customer Records | B8: Complete 7,043-row telco customer dataset across 21 fields.
A9: Descriptive Stats | B9: Descriptive statistics for senior status, tenure, monthly charges, and total charges.
A10: Numeric Extract | B10: Four numeric fields extracted for supporting analysis.

Sheet Statistical Insights
A1: DESCRIPTIVE STATISTICS INSIGHTS
A2: Initial read of the selected worksheet • 7,043 customer records
A4: CUSTOMERS | C4: SENIOR SHARE | E4: AVG TENURE | G4: MISSING TOTAL CHARGES
A5: ='Descriptive Stats'!B15 -> 7043 | C5: ='Descriptive Stats'!B3 -> 0.16214681 | E5: ='Descriptive Stats'!D3 -> 32.371149 | G5: ='Descriptive Stats'!B15-'Descriptive Stats'!H15 -> 11
A8: KEY FINDINGS
A9: 1. The customer base is mostly non-senior: seniors represent 16.2% (1,142 of 7,043 customers).
A10: 2. Tenure is widely dispersed: the average is 32.4 months, but the most common tenure is only 1 month, signaling a sizable new-customer segment.
A11: 3. Total charges are strongly right-skewed (0.96): the $2,283 average is 63% above the $1,397 median, so the median better describes a typical customer.
A12: 4. Total charges contain 11 missing records; address these before customer-level modeling or churn-driver analysis.
A14: METRIC PROFILE
A15: Metric | B15: Mean | C15: Median | D15: Std Dev | E15: Range | F15: Initial interpretation
A16: SeniorCitizen | B16: ='Descriptive Stats'!B3 -> 0.16214681 | C16: ='Descriptive Stats'!B5 -> 0 | D16: ='Descriptive Stats'!B7 -> 0.36861161 | E16: ='Descriptive Stats'!B11 -> 1 | F16: ="Binary share; "&TEXT(B16,"0.0%")&" of customers are seniors." -> Binary share; 16.2% of customers are seniors.
A17: Tenure (months) | B17: ='Descriptive Stats'!D3 -> 32.371149 | C17: ='Descriptive Stats'!D5 -> 29 | D17: ='Descriptive Stats'!D7 -> 24.559481 | E17: ='Descriptive Stats'!D11 -> 72 | F17: ="Broad spread across 0–72 months; mode is 1 month." -> Broad spread across 0–72 months; mode is 1 month.
A18: Monthly charges | B18: ='Descriptive Stats'!F3 -> 64.761692 | C18: ='Descriptive Stats'!F5 -> 70.35 | D18: ='Descriptive Stats'!F7 -> 30.090047 | E18: ='Descriptive Stats'!F11 -> 100.5 | F18: ="Median exceeds mean; distribution is slightly left-skewed." -> Median exceeds mean; distribution is slightly left-skewed.
A19: Total charges | B19: ='Descriptive Stats'!H3 -> 2283.3004 | C19: ='Descriptive Stats'!H5 -> 1397.475 | D19: ='Descriptive Stats'!H7 -> 2266.7714 | E19: ='Descriptive Stats'!H11 -> 8666 | F19: ="High variability and right skew; 11 observations are missing." -> High variability and right skew; 11 observations are missing.
A21: COMPARATIVE SIGNALS
A22: Metric | B22: Relative variability | C22: Median as % of mean
A23: Tenure | B23: =D17/B17 -> 0.75868426 | C23: =C17/B17 -> 0.89585947
A24: Monthly charges | B24: =D18/B18 -> 0.46462725 | C24: =C18/B18 -> 1.0862903
A25: Total charges | B25: =D19/B19 -> 0.99276088 | C25: =C19/B19 -> 0.61204166

Sheet Customer Records
A1: customerID | B1: gender | C1: SeniorCitizen | D1: Partner | E1: Dependents | F1: tenure | G1: PhoneService | H1: MultipleLines | I1: InternetService | J1: OnlineSecurity | K1: OnlineBackup | L1: DeviceProtection | M1: TechSupport | N1: StreamingTV | O1: StreamingMovies | P1: Contract | Q1: PaperlessBilling | R1: PaymentMethod | S1: MonthlyCharges | T1: Charge Category | U1: TotalCharges | V1: Churn
A2: 7590-Vhveg | B2: Female | C2: 0 | D2: Yes | E2: No | F2: 1 | G2: No | H2: No Phone Service | I2: Dsl | J2: No | K2: Yes | L2: No | M2: No | N2: No | O2: No | P2: Month-To-Month | Q2: Yes | R2: Electronic Check | S2: 29.85 | T2: =IF(Table1[[#This Row],[MonthlyCharges]]<=51,"Low",IF(Table1[[#This Row],[MonthlyCharges]]<=84,"Medium","High")) -> Low | U2: 29.85 | V2: No
A3: 5575-Gnvde | B3: Male | C3: 0 | D3: No | E3: No | F3: 34 | G3: Yes | H3: No | I3: Dsl | J3: Yes | K3: No | L3: Yes | M3: No | N3: No | O3: No | P3: One Year | Q3: No | R3: Mailed Check | S3: 56.95 | T3: =IF(Table1[[#This Row],[MonthlyCharges]]<=51,"Low",IF(Table1[[#This Row],[MonthlyCharges]]<=84,"Medium","High")) -> Medium | U3: 1889.5 | V3: No
A4: 3668-Qpybk | B4: Male | C4: 0 | D4: No | E4: No | F4: 2 | G4: Yes | H4: No | I4: Dsl | J4: Yes | K4: Yes | L4: No | M4: No | N4: No | O4: No | P4: Month-To-Month | Q4: Yes | R4: Mailed Check | S4: 53.85 | T4: =IF(Table1[[#This Row],[MonthlyCharges]]<=51,"Low",IF(Table1[[#This Row],[MonthlyCharges]]<=84,"Medium","High")) -> Medium | U4: 108.15 | V4: Yes
A5: 7795-Cfocw | B5: Male | C5: 0 | D5: No | E5: No | F5: 45 | G5: No | H5: No Phone Service | I5: Dsl | J5: Yes | K5: No | L5: Yes | M5: Yes | N5: No | O5: No | P5: One Year | Q5: No | R5: Bank Transfer (Automatic) | S5: 42.3 | T5: =IF(Table1[[#This Row],[MonthlyCharges]]<=51,"Low",IF(Table1[[#This Row],[MonthlyCharges]]<=84,"Medium","High")) -> Low | U5: 1840.75 | V5: No
A6: 9237-Hqitu | B6: Female | C6: 0 | D6: No | E6: No | F6: 2 | G6: Yes | H6: No | I6: Fiber Optic | J6: No | K6: No | L6: No | M6: No | N6: No | O6: No | P6: Month-To-Month | Q6: Yes | R6: Electronic Check | S6: 70.7 | T6: =IF(Table1[[#This Row],[MonthlyCharges]]<=51,"Low",IF(Table1[[#This Row],[MonthlyCharges]]<=84,"Medium","High")) -> Medium | U6: 151.65 | V6: Yes
A7: 9305-Cdskc | B7: Female | C7: 0 | D7: No | E7: No | F7: 8 | G7: Yes | H7: Yes | I7: Fiber Optic | J7: No | K7: No | L7: Yes | M7: No | N7: Yes | O7: Yes | P7: Month-To-Month | Q7: Yes | R7: Electronic Check | S7: 99.65 | T7: =IF(Table1[[#This Row],[MonthlyCharges]]<=51,"Low",IF(Table1[[#This Row],[MonthlyCharges]]<=84,"Medium","High")) -> High | U7: 820.5 | V7: Yes
A8: 1452-Kiovk | B8: Male | C8: 0 | D8: No | E8: Yes | F8: 22 | G8: Yes | H8: Yes | I8: Fiber Optic | J8: No | K8: Yes | L8: No | M8: No | N8: Yes | O8: No | P8: Month-To-Month | Q8: Yes | R8: Credit Card (Automatic) | S8: 89.1 | T8: =IF(Table1[[#This Row],[MonthlyCharges]]<=51,"Low",IF(Table1[[#This Row],[MonthlyCharges]]<=84,"Medium","High")) -> High | U8: 1949.4 | V8: No
A9: 6713-Okomc | B9: Female | C9: 0 | D9: No | E9: No | F9: 10 | G9: No | H9: No Phone Service | I9: Dsl | J9: Yes | K9: No | L9: No | M9: No | N9: No | O9: No | P9: Month-To-Month | Q9: No | R9: Mailed Check | S9: 29.75 | T9: =IF(Table1[[#This Row],[MonthlyCharges]]<=51,"Low",IF(Table1[[#This Row],[MonthlyCharges]]<=84,"Medium","High")) -> Low | U9: 301.9 | V9: No
A10: 7892-Pookp | B10: Female | C10: 0 | D10: Yes | E10: No | F10: 28 | G10: Yes | H10: Yes | I10: Fiber Optic | J10: No | K10: No | L10: Yes | M10: Yes | N10: Yes | O10: Yes | P10: Month-To-Month | Q10: Yes | R10: Electronic Check | S10: 104.8 | T10: =IF(Table1[[#This Row],[MonthlyCharges]]<=51,"Low",IF(Table1[[#This Row],[MonthlyCharges]]<=84,"Medium","High")) -> High | U10: 3046.05 | V10: Yes
A11: 6388-Tabgu | B11: Male | C11: 0 | D11: No | E11: Yes | F11: 62 | G11: Yes | H11: No | I11: Dsl | J11: Yes | K11: Yes | L11: No | M11: No | N11: No | O11: No | P11: One Year | Q11: No | R11: Bank Transfer (Automatic) | S11: 56.15 | T11: =IF(Table1[[#This Row],[MonthlyCharges]]<=51,"Low",IF(Table1[[#This Row],[MonthlyCharges]]<=84,"Medium","High")) -> Medium | U11: 3487.95 | V11: No
A12: 9763-Grskd | B12: Male | C12: 0 | D12: Yes | E12: Yes | F12: 13 | G12: Yes | H12: No | I12: Dsl | J12: Yes | K12: No | L12: No | M12: No | N12: No | O12: No | P12: Month-To-Month | Q12: Yes | R12: Mailed Check | S12: 49.95 | T12: =IF(Table1[[#This Row],[MonthlyCharges]]<=51,"Low",IF(Table1[[#This Row],[MonthlyCharges]]<=84,"Medium","High")) -> Low | U12: 587.45 | V12: No
A13: 7469-Lkbci | B13: Male | C13: 0 | D13: No | E13: No | F13: 16 | G13: Yes | H13: No | I13: No | J13: No Internet Service | K13: No Internet Service | L13: No Internet Service | M13: No Internet Service | N13: No Internet Service | O13: No Internet Service | P13: Two Year | Q13: No | R13: Credit Card (Automatic) | S13: 18.95 | T13: =IF(Table1[[#This Row],[MonthlyCharges]]<=51,"Low",IF(Table1[[#This Row],[MonthlyCharges]]<=84,"Medium","High")) -> Low | U13: 326.8 | V13: No
... A489: 3649-Jpugy | B489: Male | C489: 0 | D489: No | E489: No | F489: 72 | G489: Yes | H489: Yes | I489: Dsl | J489: No | K489: Yes | L489: Yes | M489: Yes | N489: Yes | O489: Yes | P489: Two Year | Q489: Yes | R489: Bank Transfer (Automatic) | S489: 88.6 | T489: =IF(Table1[[#This Row],[MonthlyCharges]]<=51,"Low",IF(Table1[[#This Row],[MonthlyCharges]]<=84,"Medium","High")) -> High | U489: 6201.95 | V489: No
A490: 4472-Lvygi | B490: Female | C490: 0 | D490: Yes | E490: Yes | F490: 0 | G490: No | H490: No Phone Service | I490: Dsl | J490: Yes | K490: No | L490: Yes | M490: Yes | N490: Yes | O490: No | P490: Two Year | Q490: Yes | R490: Bank Transfer (Automatic) | S490: 52.55 | T490: =IF(Table1[[#This Row],[MonthlyCharges]]<=51,"Low",IF(Table1[[#This Row],[MonthlyCharges]]<=84,"Medium","High")) -> Medium | V490: No
A491: 8372-Juxui | B491: Male | C491: 0 | D491: No | E491: Yes | F491: 1 | G491: Yes | H491: Yes | I491: Fiber Optic | J491: No | K491: No | L491: No | M491: No | N491: No | O491: No | P491: Month-To-Month | Q491: Yes | R491: Electronic Check | S491: 74.35 | T491: =IF(Table1[[#This Row],[MonthlyCharges]]<=51,"Low",IF(Table1[[#This Row],[MonthlyCharges]]<=84,"Medium","High")) -> Medium | U491: 74.35 | V491: Yes
A492: 3552-Ctcyf | B492: Male | C492: 0 | D492: Yes | E492: Yes | F492: 63 | G492: Yes | H492: Yes | I492: Fiber Optic | J492: No | K492: Yes | L492: Yes | M492: No | N492: Yes | O492: Yes | P492: Two Year | Q492: Yes | R492: Bank Transfer (Automatic) | S492: 104.8 | T492: =IF(Table1[[#This Row],[MonthlyCharges]]<=51,"Low",IF(Table1[[#This Row],[MonthlyCharges]]<=84,"Medium","High")) -> High | U492: 6597.25 | V492: No
A493: 6778-Ysnih | B493: Female | C493: 0 | D493: No | E493: No | F493: 2 | G493: Yes | H493: No | I493: Dsl | J493: No | K493: Yes | L493: No | M493: No | N493: Yes | O493: No | P493: Month-To-Month | Q493: Yes | R493: Electronic Check | S493: 59 | T493: =IF(Table1[[#This Row],[MonthlyCharges]]<=51,"Low",IF(Table1[[#This Row],[MonthlyCharges]]<=84,"Medium","High")) -> Medium | U493: 114.15 | V493: No
A494: 0388-Eopex | B494: Female | C494: 0 | D494: Yes | E494: No | F494: 2 | G494: Yes | H494: No | I494: Fiber Optic | J494: Yes | K494: No | L494: No | M494: No | N494: No | O494: No | P494: Month-To-Month | Q494: Yes | R494: Electronic Check | S494: 74.4 | T494: =IF(Table1[[#This Row],[MonthlyCharges]]<=51,"Low",IF(Table1[[#This Row],[MonthlyCharges]]<=84,"Medium","High")) -> Medium | U494: 139.4 | V494: Yes
A495: 5756-Ozrio | B495: Male | C495: 1 | D495: Yes | E495: No | F495: 61 | G495: Yes | H495: Yes | I495: Dsl | J495: No | K495: Yes | L495: No | M495: No | N495: No | O495: Yes | P495: One Year | Q495: No | R495: Bank Transfer (Automatic) | S495: 64.05 | T495: =IF(Table1[[#This Row],[MonthlyCharges]]<=51,"Low",IF(Table1[[#This Row],[MonthlyCharges]]<=84,"Medium","High")) -> Medium | U495: 3902.6 | V495: No
A496: 6579-Jpicp | B496: Male | C496: 0 | D496: No | E496: No | F496: 1 | G496: Yes | H496: No | I496: No | J496: No Internet Service | K496: No Internet Service | L496: No Internet Service | M496: No Internet Service | N496: No Internet Service | O496: No Internet Service | P496: Month-To-Month | Q496: No | R496: Mailed Check | S496: 20.4 | T496: =IF(Table1[[#This Row],[MonthlyCharges]]<=51,"Low",IF(Table1[[#This Row],[MonthlyCharges]]<=84,"Medium","High")) -> Low | U496: 20.4 | V496: No
A497: 8205-Otchb | B497: Male | C497: 0 | D497: No | E497: No | F497: 22 | G497: No | H497: No Phone Service | I497: Dsl | J497: No | K497: Yes | L497: Yes | M497: No | N497: No | O497: Yes | P497: One Year | Q497: Yes | R497: Bank Transfer (Automatic) | S497: 43.75 | T497: =IF(Table1[[#This Row],[MonthlyCharges]]<=51,"Low",IF(Table1[[#This Row],[MonthlyCharges]]<=84,"Medium","High")) -> Low | U497: 903.6 | V497: Yes
A498: 4134-Bsxlx | B498: Male | C498: 0 | D498: Yes | E498: No | F498: 28 | G498: Yes | H498: No | I498: Dsl | J498: Yes | K498: Yes | L498: No | M498: Yes | N498: No | O498: No | P498: Month-To-Month | Q498: No | R498: Mailed Check | S498: 60.9 | T498: =IF(Table1[[#This Row],[MonthlyCharges]]<=51,"Low",IF(Table1[[#This Row],[MonthlyCharges]]<=84,"Medium","High")) -> Medium | U498: 1785.65 | V498: No
A499: 0505-Spoow | B499: Female | C499: 0 | D499: Yes | E499: No | F499: 70 | G499: Yes | H499: No | I499: No | J499: No Internet Service | K499: No Internet Service | L499: No Internet Service | M499: No Internet Service | N499: No Internet Service | O499: No Internet Service | P499: Two Year | Q499: No | R499: Bank Transfer (Automatic) | S499: 19.8 | T499: =IF(Table1[[#This Row],[MonthlyCharges]]<=51,"Low",IF(Table1[[#This Row],[MonthlyCharges]]<=84,"Medium","High")) -> Low | U499: 1397.65 | V499: No
A500: 6235-Vdhom | B500: Female | C500: 1 | D500: No | E500: No | F500: 5 | G500: No | H500: No Phone Service | I500: Dsl | J500: No | K500: Yes | L500: No | M500: No | N500: No | O500: No | P500: Month-To-Month | Q500: No | R500: Electronic Check | S500: 28.45 | T500: =IF(Table1[[#This Row],[MonthlyCharges]]<=51,"Low",IF(Table1[[#This Row],[MonthlyCharges]]<=84,"Medium","High")) -> Low | U500: 131.05 | V500: Yes
A501: 7783-Ykgdv | B501: Female | C501: 0 | D501: No | E501: No | F501: 12 | G501: Yes | H501: Yes | I501: Fiber Optic | J501: Yes | K501: Yes | L501: Yes | M501: No | N501: No | O501: Yes | P501: Month-To-Month | Q501: Yes | R501: Bank Transfer (Automatic) | S501: 99.7 | T501: =IF(Table1[[#This Row],[MonthlyCharges]]<=51,"Low",IF(Table1[[#This Row],[MonthlyCharges]]<=84,"Medium","High")) -> High | U501: 1238.45 | V501: Yes
A502: 4374-Ymusq | B502: Male | C502: 0 | D502: No | E502: No | F502: 34 | G502: Yes | H502: Yes | I502: Fiber Optic | J502: Yes | K502: Yes | L502: Yes | M502: Yes | N502: Yes | O502: Yes | P502: One Year | Q502: No | R502: Credit Card (Automatic) | S502: 116.25 | T502: =IF(Table1[[#This Row],[MonthlyCharges]]<=51,"Low",IF(Table1[[#This Row],[MonthlyCharges]]<=84,"Medium","High")) -> High | U502: 3899.05 | V502: No
... A754: 1410-Rscmr | B754: Male | C754: 0 | D754: Yes | E754: Yes | F754: 7 | G754: Yes | H754: No | I754: Dsl | J754: Yes | K754: No | L754: Yes | M754: Yes | N754: No | O754: Yes | P754: Month-To-Month | Q754: Yes | R754: Credit Card (Automatic) | S754: 71.35 | T754: =IF(Table1[[#This Row],[MonthlyCharges]]<=51,"Low",IF(Table1[[#This Row],[MonthlyCharges]]<=84,"Medium","High")) -> Medium | U754: 515.75 | V754: No
A755: 3115-Czmzd | B755: Male | C755: 0 | D755: No | E755: Yes | F755: 0 | G755: Yes | H755: No | I755: No | J755: No Internet Service | K755: No Internet Service | L755: No Internet Service | M755: No Internet Service | N755: No Internet Service | O755: No Internet Service | P755: Two Year | Q755: No | R755: Mailed Check | S755: 20.25 | T755: =IF(Table1[[#This Row],[MonthlyCharges]]<=51,"Low",IF(Table1[[#This Row],[MonthlyCharges]]<=84,"Medium","High")) -> Low | V755: No
A756: 0139-Ivfjg | B756: Female | C756: 0 | D756: Yes | E756: No | F756: 2 | G756: Yes | H756: No | I756: Fiber Optic | J756: Yes | K756: Yes | L756: No | M756: No | N756: Yes | O756: No | P756: Month-To-Month | Q756: No | R756: Electronic Check | S756: 90.35 | T756: =IF(Table1[[#This Row],[MonthlyCharges]]<=51,"Low",IF(Table1[[#This Row],[MonthlyCharges]]<=84,"Medium","High")) -> High | U756: 190.5 | V756: No
A757: 6683-Vlctz | B757: Male | C757: 1 | D757: No | E757: No | F757: 20 | G757: Yes | H757: Yes | I757: Fiber Optic | J757: No | K757: No | L757: Yes | M757: No | N757: Yes | O757: Yes | P757: Month-To-Month | Q757: Yes | R757: Electronic Check | S757: 98.55 | T757: =IF(Table1[[#This Row],[MonthlyCharges]]<=51,"Low",IF(Table1[[#This Row],[MonthlyCharges]]<=84,"Medium","High")) -> High | U757: 1842.8 | V757: Yes
A758: 5730-Dbdsi | B758: Male | C758: 0 | D758: No | E758: No | F758: 66 | G758: Yes | H758: No | I758: No | J758: No Internet Service | K758: No Internet Service | L758: No Internet Service | M758: No Internet Service | N758: No Internet Service | O758: No Internet Service | P758: Two Year | Q758: No | R758: Bank Transfer (Automatic) | S758: 19.7 | T758: =IF(Table1[[#This Row],[MonthlyCharges]]<=51,"Low",IF(Table1[[#This Row],[MonthlyCharges]]<=84,"Medium","High")) -> Low | U758: 1253.8 | V758: No
A759: 0030-Fnxpp | B759: Female | C759: 0 | D759: No | E759: No | F759: 3 | G759: Yes | H759: No | I759: No | J759: No Internet Service | K759: No Internet Service | L759: No Internet Service | M759: No Internet Service | N759: No Internet Service | O759: No Internet Service | P759: Month-To-Month | Q759: No | R759: Mailed Check | S759: 19.85 | T759: =IF(Table1[[#This Row],[MonthlyCharges]]<=51,"Low",IF(Table1[[#This Row],[MonthlyCharges]]<=84,"Medium","High")) -> Low | U759: 57.2 | V759: No
A760: 2189-Wwoew | B760: Female | C760: 0 | D760: No | E760: Yes | F760: 15 | G760: Yes | H760: No | I760: Fiber Optic | J760: No | K760: Yes | L760: No | M760: No | N760: No | O760: Yes | P760: Month-To-Month | Q760: Yes | R760: Bank Transfer (Automatic) | S760: 85.9 | T760: =IF(Table1[[#This Row],[MonthlyCharges]]<=51,"Low",IF(Table1[[#This Row],[MonthlyCharges]]<=84,"Medium","High")) -> High | U760: 1269.55 | V760: Yes
A761: 5684-Fjvyr | B761: Female | C761: 0 | D761: Yes | E761: Yes | F761: 72 | G761: Yes | H761: Yes | I761: Fiber Optic | J761: Yes | K761: Yes | L761: No | M761: Yes | N761: No | O761: No | P761: Two Year | Q761: Yes | R761: Bank Transfer (Automatic) | S761: 90.35 | T761: =IF(Table1[[#This Row],[MonthlyCharges]]<=51,"Low",IF(Table1[[#This Row],[MonthlyCharges]]<=84,"Medium","High")) -> High | U761: 6563.4 | V761: No
A762: 4013-Guxnd | B762: Male | C762: 0 | D762: No | E762: No | F762: 1 | G762: Yes | H762: No | I762: No | J762: No Internet Service | K762: No Internet Service | L762: No Internet Service | M762: No Internet Service | N762: No Internet Service | O762: No Internet Service | P762: Month-To-Month | Q762: No | R762: Mailed Check | S762: 20.8 | T762: =IF(Table1[[#This Row],[MonthlyCharges]]<=51,"Low",IF(Table1[[#This Row],[MonthlyCharges]]<=84,"Medium","High")) -> Low | U762: 20.8 | V762: No
A763: 1894-Igfsg | B763: Female | C763: 0 | D763: No | E763: No | F763: 22 | G763: Yes | H763: No | I763: Fiber Optic | J763: No | K763: No | L763: No | M763: No | N763: Yes | O763: Yes | P763: Month-To-Month | Q763: No | R763: Electronic Check | S763: 89.25 | T763: =IF(Table1[[#This Row],[MonthlyCharges]]<=51,"Low",IF(Table1[[#This Row],[MonthlyCharges]]<=84,"Medium","High")) -> High | U763: 1907.85 | V763: Yes
A764: 7379-Pokdz | B764: Male | C764: 0 | D764: Yes | E764: No | F764: 3 | G764: Yes | H764: No | I764: Fiber Optic | J764: No | K764: No | L764: No | M764: No | N764: No | O764: No | P764: Month-To-Month | Q764: Yes | R764: Electronic Check | S764: 70.3 | T764: =IF(Table1[[#This Row],[MonthlyCharges]]<=51,"Low",IF(Table1[[#This Row],[MonthlyCharges]]<=84,"Medium","High")) -> Medium | U764: 208.85 | V764: Yes
A765: 1266-Nzyui | B765: Female | C765: 0 | D765: Yes | E765: Yes | F765: 72 | G765: Yes | H765: Yes | I765: Dsl | J765: Yes | K765: No | L765: Yes | M765: Yes | N765: No | O765: No | P765: Two Year | Q765: No | R765: Bank Transfer (Automatic) | S765: 66.85 | T765: =IF(Table1[[#This Row],[MonthlyCharges]]<=51,"Low",IF(Table1[[#This Row],[MonthlyCharges]]<=84,"Medium","High")) -> Medium | U765: 4758.8 | V765: No
A766: 7969-Ffowg | B766: Male | C766: 0 | D766: Yes | E766: Yes | F766: 65 | G766: Yes | H766: No | I766: No | J766: No Internet Service | K766: No Internet Service | L766: No Internet Service | M766: No Internet Service | N766: No Internet Service | O766: No Internet Service | P766: Two Year | Q766: No | R766: Mailed Check | S766: 19.9 | T766: =IF(Table1[[#This Row],[MonthlyCharges]]<=51,"Low",IF(Table1[[#This Row],[MonthlyCharges]]<=84,"Medium","High")) -> Low | U766: 1292.6 | V766: No
A767: 4718-Dhsmv | B767: Female | C767: 0 | D767: No | E767: No | F767: 11 | G767: No | H767: No Phone Service | I767: Dsl | J767: No | K767: No | L767: No | M767: No | N767: Yes | O767: No | P767: Month-To-Month | Q767: Yes | R767: Mailed Check | S767: 35.8 | T767: =IF(Table1[[#This Row],[MonthlyCharges]]<=51,"Low",IF(Table1[[#This Row],[MonthlyCharges]]<=84,"Medium","High")) -> Low | U767: 363.15 | V767: No
... A937: 6630-Ujzmy | B937: Female | C937: 1 | D937: Yes | E937: No | F937: 4 | G937: Yes | H937: Yes | I937: Fiber Optic | J937: No | K937: No | L937: No | M937: No | N937: Yes | O937: No | P937: Month-To-Month | Q937: Yes | R937: Electronic Check | S937: 83.25 | T937: =IF(Table1[[#This Row],[MonthlyCharges]]<=51,"Low",IF(Table1[[#This Row],[MonthlyCharges]]<=84,"Medium","High")) -> Medium | U937: 308.05 | V937: No
A938: 5709-Lvoeq | B938: Female | C938: 0 | D938: Yes | E938: Yes | F938: 0 | G938: Yes | H938: No | I938: Dsl | J938: Yes | K938: Yes | L938: Yes | M938: No | N938: Yes | O938: Yes | P938: Two Year | Q938: No | R938: Mailed Check | S938: 80.85 | T938: =IF(Table1[[#This Row],[MonthlyCharges]]<=51,"Low",IF(Table1[[#This Row],[MonthlyCharges]]<=84,"Medium","High")) -> Medium | V938: No
A939: 6400-Bwqkw | B939: Female | C939: 0 | D939: No | E939: No | F939: 6 | G939: Yes | H939: Yes | I939: Fiber Optic | J939: Yes | K939: No | L939: No | M939: No | N939: No | O939: No | P939: Month-To-Month | Q939: Yes | R939: Electronic Check | S939: 79.05 | T939: =IF(Table1[[#This Row],[MonthlyCharges]]<=51,"Low",IF(Table1[[#This Row],[MonthlyCharges]]<=84,"Medium","High")) -> Medium | U939: 434.5 | V939: Yes
A940: 2692-Aqcpf | B940: Female | C940: 0 | D940: Yes | E940: No | F940: 65 | G940: Yes | H940: Yes | I940: Fiber Optic | J940: No | K940: Yes | L940: Yes | M940: Yes | N940: Yes | O940: Yes | P940: One Year | Q940: Yes | R940: Credit Card (Automatic) | S940: 108.05 | T940: =IF(Table1[[#This Row],[MonthlyCharges]]<=51,"Low",IF(Table1[[#This Row],[MonthlyCharges]]<=84,"Medium","High")) -> High | U940: 7118.9 | V940: No
A941: 0347-Ubkuz | B941: Female | C941: 0 | D941: No | E941: No | F941: 15 | G941: Yes | H941: No | I941: No | J941: No Internet Service | K941: No Internet Service | L941: No Internet Service | M941: No Internet Service | N941: No Internet Service | O941: No Internet Service | P941: Month-To-Month | Q941: No | R941: Mailed Check | S941: 19.9 | T941: =IF(Table1[[#This Row],[MonthlyCharges]]<=51,"Low",IF(Table1[[#This Row],[MonthlyCharges]]<=84,"Medium","High")) -> Low | U941: 320.45 | V941: No
A942: 0835-Duuiq | B942: Female | C942: 0 | D942: No | E942: Yes | F942: 24 | G942: Yes | H942: No | I942: No | J942: No Internet Service | K942: No Internet Service | L942: No Internet Service | M942: No Internet Service | N942: No Internet Service | O942: No Internet Service | P942: One Year | Q942: No | R942: Bank Transfer (Automatic) | S942: 21.05 | T942: =IF(Table1[[#This Row],[MonthlyCharges]]<=51,"Low",IF(Table1[[#This Row],[MonthlyCharges]]<=84,"Medium","High")) -> Low | U942: 531.55 | V942: No
A943: 0811-Gsdtp | B943: Female | C943: 0 | D943: No | E943: Yes | F943: 13 | G943: No | H943: No Phone Service | I943: Dsl | J943: No | K943: Yes | L943: No | M943: No | N943: No | O943: No | P943: Month-To-Month | Q943: No | R943: Electronic Check | S943: 30.15 | T943: =IF(Table1[[#This Row],[MonthlyCharges]]<=51,"Low",IF(Table1[[#This Row],[MonthlyCharges]]<=84,"Medium","High")) -> Low | U943: 382.2 | V943: No
A944: 7567-Ecmcm | B944: Male | C944: 0 | D944: No | E944: No | F944: 24 | G944: Yes | H944: No | I944: Fiber Optic | J944: No | K944: No | L944: No | M944: No | N944: No | O944: Yes | P944: Month-To-Month | Q944: Yes | R944: Credit Card (Automatic) | S944: 79.85 | T944: =IF(Table1[[#This Row],[MonthlyCharges]]<=51,"Low",IF(Table1[[#This Row],[MonthlyCharges]]<=84,"Medium","High")) -> Medium | U944: 2001 | V944: No
A945: 6115-Ztbfq | B945: Female | C945: 0 | D945: Yes | E945: No | F945: 72 | G945: No | H945: No Phone Service | I945: Dsl | J945: Yes | K945: Yes | L945: Yes | M945: Yes | N945: Yes | O945: Yes | P945: Two Year | Q945: No | R945: Bank Transfer (Automatic) | S945: 65.5 | T945: =IF(Table1[[#This Row],[MonthlyCharges]]<=51,"Low",IF(Table1[[#This Row],[MonthlyCharges]]<=84,"Medium","High")) -> Medium | U945: 4919.7 | V945: No
A946: 6353-Brmma | B946: Female | C946: 0 | D946: Yes | E946: Yes | F946: 54 | G946: Yes | H946: Yes | I946: Fiber Optic | J946: Yes | K946: Yes | L946: No | M946: No | N946: Yes | O946: Yes | P946: Month-To-Month | Q946: Yes | R946: Bank Transfer (Automatic) | S946: 104.1 | T946: =IF(Table1[[#This Row],[MonthlyCharges]]<=51,"Low",IF(Table1[[#This Row],[MonthlyCharges]]<=84,"Medium","High")) -> High | U946: 5645.8 | V946: No
A947: 6680-Wkxrz | B947: Female | C947: 0 | D947: No | E947: No | F947: 3 | G947: Yes | H947: Yes | I947: Fiber Optic | J947: No | K947: No | L947: No | M947: No | N947: No | O947: No | P947: Month-To-Month | Q947: No | R947: Bank Transfer (Automatic) | S947: 74.4 | T947: =IF(Table1[[#This Row],[MonthlyCharges]]<=51,"Low",IF(Table1[[#This Row],[MonthlyCharges]]<=84,"Medium","High")) -> Medium | U947: 215.8 | V947: Yes
A948: 6231-Wfgfh | B948: Male | C948: 0 | D948: Yes | E948: Yes | F948: 4 | G948: Yes | H948: No | I948: No | J948: No Internet Service | K948: No Internet Service | L948: No Internet Service | M948: No Internet Service | N948: No Internet Service | O948: No Internet Service | P948: Month-To-Month | Q948: Yes | R948: Mailed Check | S948: 20.5 | T948: =IF(Table1[[#This Row],[MonthlyCharges]]<=51,"Low",IF(Table1[[#This Row],[MonthlyCharges]]<=84,"Medium","High")) -> Low | U948: 77.6 | V948: No
A949: 9904-Ehevj | B949: Female | C949: 1 | D949: Yes | E949: Yes | F949: 32 | G949: Yes | H949: Yes | I949: Fiber Optic | J949: No | K949: No | L949: Yes | M949: No | N949: Yes | O949: No | P949: Month-To-Month | Q949: Yes | R949: Mailed Check | S949: 91.35 | T949: =IF(Table1[[#This Row],[MonthlyCharges]]<=51,"Low",IF(Table1[[#This Row],[MonthlyCharges]]<=84,"Medium","High")) -> High | U949: 2896.55 | V949: No
A950: 7028-Dvoiq | B950: Male | C950: 1 | D950: No | E950: No | F950: 35 | G950: Yes | H950: Yes | I950: Fiber Optic | J950: No | K950: No | L950: Yes | M950: No | N950: Yes | O950: Yes | P950: Month-To-Month | Q950: Yes | R950: Electronic Check | S950: 99.05 | T950: =IF(Table1[[#This Row],[MonthlyCharges]]<=51,"Low",IF(Table1[[#This Row],[MonthlyCharges]]<=84,"Medium","High")) -> High | U950: 3395.8 | V950: Yes
... A1083: 1751-Ncdli | B1083: Male | C1083: 1 | D1083: Yes | E1083: No | F1083: 46 | G1083: Yes | H1083: Yes | I1083: Fiber Optic | J1083: No | K1083: No | L1083: Yes | M1083: No | N1083: Yes | O1083: Yes | P1083: Month-To-Month | Q1083: Yes | R1083: Electronic Check | S1083: 98.85 | T1083: =IF(Table1[[#This Row],[MonthlyCharges]]<=51,"Low",IF(Table1[[#This Row],[MonthlyCharges]]<=84,"Medium","High")) -> High | U1083: 4564.9 | V1083: No
A1084: 4367-Nuyao | B1084: Male | C1084: 0 | D1084: Yes | E1084: Yes | F1084: 0 | G1084: Yes | H1084: Yes | I1084: No | J1084: No Internet Service | K1084: No Internet Service | L1084: No Internet Service | M1084: No Internet Service | N1084: No Internet Service | O1084: No Internet Service | P1084: Two Year | Q1084: No | R1084: Mailed Check | S1084: 25.75 | T1084: =IF(Table1[[#This Row],[MonthlyCharges]]<=51,"Low",IF(Table1[[#This Row],[MonthlyCharges]]<=84,"Medium","High")) -> Low | V1084: No
A1085: 9878-Tnqgw | B1085: Male | C1085: 0 | D1085: No | E1085: No | F1085: 2 | G1085: Yes | H1085: No | I1085: Fiber Optic | J1085: No | K1085: No | L1085: No | M1085: No | N1085: No | O1085: Yes | P1085: Month-To-Month | Q1085: Yes | R1085: Electronic Check | S1085: 80.95 | T1085: =IF(Table1[[#This Row],[MonthlyCharges]]<=51,"Low",IF(Table1[[#This Row],[MonthlyCharges]]<=84,"Medium","High")) -> Medium | U1085: 171.15 | V1085: Yes
A1086: 9170-Arbtb | B1086: Female | C1086: 0 | D1086: Yes | E1086: Yes | F1086: 52 | G1086: Yes | H1086: No | I1086: No | J1086: No Internet Service | K1086: No Internet Service | L1086: No Internet Service | M1086: No Internet Service | N1086: No Internet Service | O1086: No Internet Service | P1086: One Year | Q1086: No | R1086: Credit Card (Automatic) | S1086: 19.6 | T1086: =IF(Table1[[#This Row],[MonthlyCharges]]<=51,"Low",IF(Table1[[#This Row],[MonthlyCharges]]<=84,"Medium","High")) -> Low | U1086: 1012.4 | V1086: No
A1087: 4441-Nihpt | B1087: Female | C1087: 1 | D1087: No | E1087: No | F1087: 13 | G1087: Yes | H1087: No | I1087: Fiber Optic | J1087: No | K1087: No | L1087: Yes | M1087: No | N1087: No | O1087: No | P1087: Month-To-Month | Q1087: Yes | R1087: Electronic Check | S1087: 74.3 | T1087: =IF(Table1[[#This Row],[MonthlyCharges]]<=51,"Low",IF(Table1[[#This Row],[MonthlyCharges]]<=84,"Medium","High")) -> Medium | U1087: 940.35 | V1087: Yes
A1088: 8999-Bohse | B1088: Female | C1088: 1 | D1088: No | E1088: No | F1088: 11 | G1088: Yes | H1088: No | I1088: Fiber Optic | J1088: No | K1088: No | L1088: No | M1088: No | N1088: Yes | O1088: Yes | P1088: Month-To-Month | Q1088: No | R1088: Bank Transfer (Automatic) | S1088: 89.7 | T1088: =IF(Table1[[#This Row],[MonthlyCharges]]<=51,"Low",IF(Table1[[#This Row],[MonthlyCharges]]<=84,"Medium","High")) -> High | U1088: 1047.7 | V1088: Yes
A1089: 7241-Ajhfs | B1089: Male | C1089: 0 | D1089: No | E1089: No | F1089: 32 | G1089: Yes | H1089: Yes | I1089: Fiber Optic | J1089: Yes | K1089: No | L1089: No | M1089: Yes | N1089: No | O1089: No | P1089: Month-To-Month | Q1089: No | R1089: Bank Transfer (Automatic) | S1089: 87.65 | T1089: =IF(Table1[[#This Row],[MonthlyCharges]]<=51,"Low",IF(Table1[[#This Row],[MonthlyCharges]]<=84,"Medium","High")) -> High | U1089: 2766.4 | V1089: No
A1090: 7029-Rpuav | B1090: Male | C1090: 1 | D1090: Yes | E1090: No | F1090: 17 | G1090: Yes | H1090: Yes | I1090: Fiber Optic | J1090: No | K1090: No | L1090: Yes | M1090: No | N1090: Yes | O1090: Yes | P1090: Month-To-Month | Q1090: Yes | R1090: Credit Card (Automatic) | S1090: 100.45 | T1090: =IF(Table1[[#This Row],[MonthlyCharges]]<=51,"Low",IF(Table1[[#This Row],[MonthlyCharges]]<=84,"Medium","High")) -> High | U1090: 1622.45 | V1090: Yes
A1091: 4546-Fokwr | B1091: Female | C1091: 0 | D1091: No | E1091: No | F1091: 16 | G1091: Yes | H1091: Yes | I1091: Fiber Optic | J1091: No | K1091: No | L1091: No | M1091: No | N1091: No | O1091: No | P1091: Month-To-Month | Q1091: Yes | R1091: Credit Card (Automatic) | S1091: 74.75 | T1091: =IF(Table1[[#This Row],[MonthlyCharges]]<=51,"Low",IF(Table1[[#This Row],[MonthlyCharges]]<=84,"Medium","High")) -> Medium | U1091: 1129.35 | V1091: No
A1092: 9036-Cskbw | B1092: Female | C1092: 0 | D1092: No | E1092: No | F1092: 51 | G1092: Yes | H1092: Yes | I1092: Fiber Optic | J1092: Yes | K1092: Yes | L1092: Yes | M1092: No | N1092: Yes | O1092: Yes | P1092: One Year | Q1092: No | R1092: Bank Transfer (Automatic) | S1092: 107.45 | T1092: =IF(Table1[[#This Row],[MonthlyCharges]]<=51,"Low",IF(Table1[[#This Row],[MonthlyCharges]]<=84,"Medium","High")) -> High | U1092: 5680.9 | V1092: No
A1093: 5832-Trlpb | B1093: Male | C1093: 0 | D1093: No | E1093: No | F1093: 29 | G1093: Yes | H1093: No | I1093: Dsl | J1093: No | K1093: No | L1093: Yes | M1093: Yes | N1093: Yes | O1093: Yes | P1093: One Year | Q1093: Yes | R1093: Bank Transfer (Automatic) | S1093: 75.35 | T1093: =IF(Table1[[#This Row],[MonthlyCharges]]<=51,"Low",IF(Table1[[#This Row],[MonthlyCharges]]<=84,"Medium","High")) -> Medium | U1093: 2243.9 | V1093: No
A1094: 8590-Yffqo | B1094: Male | C1094: 0 | D1094: Yes | E1094: No | F1094: 70 | G1094: Yes | H1094: No | I1094: Dsl | J1094: Yes | K1094: Yes | L1094: Yes | M1094: Yes | N1094: No | O1094: No | P1094: Two Year | Q1094: No | R1094: Credit Card (Automatic) | S1094: 64.95 | T1094: =IF(Table1[[#This Row],[MonthlyCharges]]<=51,"Low",IF(Table1[[#This Row],[MonthlyCharges]]<=84,"Medium","High")) -> Medium | U1094: 4523.25 | V1094: No
A1095: 8659-Ioopu | B1095: Female | C1095: 0 | D1095: Yes | E1095: Yes | F1095: 71 | G1095: Yes | H1095: Yes | I1095: Fiber Optic | J1095: Yes | K1095: No | L1095: Yes | M1095: Yes | N1095: No | O1095: Yes | P1095: Two Year | Q1095: No | R1095: Electronic Check | S1095: 100.45 | T1095: =IF(Table1[[#This Row],[MonthlyCharges]]<=51,"Low",IF(Table1[[#This Row],[MonthlyCharges]]<=84,"Medium","High")) -> High | U1095: 7159.7 | V1095: No
A1096: 1338-Cecee | B1096: Male | C1096: 0 | D1096: Yes | E1096: Yes | F1096: 41 | G1096: Yes | H1096: Yes | I1096: Dsl | J1096: No | K1096: Yes | L1096: Yes | M1096: No | N1096: Yes | O1096: No | P1096: One Year | Q1096: No | R1096: Bank Transfer (Automatic) | S1096: 68.5 | T1096: =IF(Table1[[#This Row],[MonthlyCharges]]<=51,"Low",IF(Table1[[#This Row],[MonthlyCharges]]<=84,"Medium","High")) -> Medium | U1096: 2839.95 | V1096: No
... A1341: 3838-Ozurd | B1341: Male | C1341: 0 | D1341: Yes | E1341: No | F1341: 66 | G1341: Yes | H1341: Yes | I1341: Fiber Optic | J1341: No | K1341: Yes | L1341: Yes | M1341: No | N1341: Yes | O1341: Yes | P1341: Month-To-Month | Q1341: Yes | R1341: Credit Card (Automatic) | S1341: 105 | T1341: =IF(Table1[[#This Row],[MonthlyCharges]]<=51,"Low",IF(Table1[[#This Row],[MonthlyCharges]]<=84,"Medium","High")) -> High | U1341: 7133.25 | V1341: Yes
A1342: 1371-Dwpaz | B1342: Female | C1342: 0 | D1342: Yes | E1342: Yes | F1342: 0 | G1342: No | H1342: No Phone Service | I1342: Dsl | J1342: Yes | K1342: Yes | L1342: Yes | M1342: Yes | N1342: Yes | O1342: No | P1342: Two Year | Q1342: No | R1342: Credit Card (Automatic) | S1342: 56.05 | T1342: =IF(Table1[[#This Row],[MonthlyCharges]]<=51,"Low",IF(Table1[[#This Row],[MonthlyCharges]]<=84,"Medium","High")) -> Medium | V1342: No
A1343: 9269-Cqool | B1343: Male | C1343: 0 | D1343: No | E1343: Yes | F1343: 3 | G1343: Yes | H1343: No | I1343: Dsl | J1343: No | K1343: No | L1343: No | M1343: No | N1343: Yes | O1343: No | P1343: Month-To-Month | Q1343: Yes | R1343: Credit Card (Automatic) | S1343: 54.7 | T1343: =IF(Table1[[#This Row],[MonthlyCharges]]<=51,"Low",IF(Table1[[#This Row],[MonthlyCharges]]<=84,"Medium","High")) -> Medium | U1343: 169.45 | V1343: Yes
A1344: 2017-Ccblh | B1344: Female | C1344: 0 | D1344: No | E1344: No | F1344: 8 | G1344: Yes | H1344: No | I1344: No | J1344: No Internet Service | K1344: No Internet Service | L1344: No Internet Service | M1344: No Internet Service | N1344: No Internet Service | O1344: No Internet Service | P1344: Two Year | Q1344: No | R1344: Mailed Check | S1344: 20 | T1344: =IF(Table1[[#This Row],[MonthlyCharges]]<=51,"Low",IF(Table1[[#This Row],[MonthlyCharges]]<=84,"Medium","High")) -> Low | U1344: 141.6 | V1344: No
A1345: 7690-Kpncu | B1345: Male | C1345: 0 | D1345: Yes | E1345: Yes | F1345: 64 | G1345: Yes | H1345: No | I1345: Dsl | J1345: Yes | K1345: No | L1345: Yes | M1345: No | N1345: Yes | O1345: Yes | P1345: One Year | Q1345: Yes | R1345: Credit Card (Automatic) | S1345: 73.05 | T1345: =IF(Table1[[#This Row],[MonthlyCharges]]<=51,"Low",IF(Table1[[#This Row],[MonthlyCharges]]<=84,"Medium","High")) -> Medium | U1345: 4688.65 | V1345: No
A1346: 0536-Bgfmz | B1346: Female | C1346: 0 | D1346: Yes | E1346: No | F1346: 28 | G1346: Yes | H1346: No | I1346: No | J1346: No Internet Service | K1346: No Internet Service | L1346: No Internet Service | M1346: No Internet Service | N1346: No Internet Service | O1346: No Internet Service | P1346: Month-To-Month | Q1346: No | R1346: Mailed Check | S1346: 20.5 | T1346: =IF(Table1[[#This Row],[MonthlyCharges]]<=51,"Low",IF(Table1[[#This Row],[MonthlyCharges]]<=84,"Medium","High")) -> Low | U1346: 563.05 | V1346: No
A1347: 2293-Ijwps | B1347: Female | C1347: 0 | D1347: Yes | E1347: No | F1347: 57 | G1347: Yes | H1347: Yes | I1347: Fiber Optic | J1347: No | K1347: No | L1347: Yes | M1347: No | N1347: Yes | O1347: Yes | P1347: One Year | Q1347: Yes | R1347: Credit Card (Automatic) | S1347: 100.75 | T1347: =IF(Table1[[#This Row],[MonthlyCharges]]<=51,"Low",IF(Table1[[#This Row],[MonthlyCharges]]<=84,"Medium","High")) -> High | U1347: 5985 | V1347: No
A1348: 2845-Hsjcy | B1348: Female | C1348: 0 | D1348: Yes | E1348: Yes | F1348: 14 | G1348: Yes | H1348: Yes | I1348: Fiber Optic | J1348: No | K1348: No | L1348: Yes | M1348: No | N1348: No | O1348: Yes | P1348: Month-To-Month | Q1348: Yes | R1348: Electronic Check | S1348: 87.25 | T1348: =IF(Table1[[#This Row],[MonthlyCharges]]<=51,"Low",IF(Table1[[#This Row],[MonthlyCharges]]<=84,"Medium","High")) -> High | U1348: 1258.6 | V1348: Yes
A1349: 5469-Nujur | B1349: Male | C1349: 0 | D1349: No | E1349: No | F1349: 19 | G1349: Yes | H1349: No | I1349: No | J1349: No Internet Service | K1349: No Internet Service | L1349: No Internet Service | M1349: No Internet Service | N1349: No Internet Service | O1349: No Internet Service | P1349: Two Year | Q1349: Yes | R1349: Mailed Check | S1349: 19.95 | T1349: =IF(Table1[[#This Row],[MonthlyCharges]]<=51,"Low",IF(Table1[[#This Row],[MonthlyCharges]]<=84,"Medium","High")) -> Low | U1349: 373.5 | V1349: No
A1350: 1184-Pjvdb | B1350: Male | C1350: 0 | D1350: Yes | E1350: No | F1350: 10 | G1350: Yes | H1350: No | I1350: Fiber Optic | J1350: No | K1350: No | L1350: No | M1350: No | N1350: Yes | O1350: No | P1350: Month-To-Month | Q1350: Yes | R1350: Electronic Check | S1350: 79.95 | T1350: =IF(Table1[[#This Row],[MonthlyCharges]]<=51,"Low",IF(Table1[[#This Row],[MonthlyCharges]]<=84,"Medium","High")) -> Medium | U1350: 857.2 | V1350: Yes
A1351: 2625-Trczq | B1351: Female | C1351: 0 | D1351: Yes | E1351: No | F1351: 51 | G1351: No | H1351: No Phone Service | I1351: Dsl | J1351: No | K1351: Yes | L1351: No | M1351: No | N1351: Yes | O1351: Yes | P1351: Month-To-Month | Q1351: Yes | R1351: Electronic Check | S1351: 49.65 | T1351: =IF(Table1[[#This Row],[MonthlyCharges]]<=51,"Low",IF(Table1[[#This Row],[MonthlyCharges]]<=84,"Medium","High")) -> Low | U1351: 2553.35 | V1351: No
A1352: 4102-Hlenu | B1352: Female | C1352: 0 | D1352: Yes | E1352: No | F1352: 67 | G1352: Yes | H1352: Yes | I1352: Dsl | J1352: Yes | K1352: Yes | L1352: Yes | M1352: No | N1352: No | O1352: No | P1352: Two Year | Q1352: No | R1352: Mailed Check | S1352: 65.65 | T1352: =IF(Table1[[#This Row],[MonthlyCharges]]<=51,"Low",IF(Table1[[#This Row],[MonthlyCharges]]<=84,"Medium","High")) -> Medium | U1352: 4322.85 | V1352: No
A1353: 7266-Gssjx | B1353: Male | C1353: 0 | D1353: Yes | E1353: Yes | F1353: 11 | G1353: Yes | H1353: No | I1353: No | J1353: No Internet Service | K1353: No Internet Service | L1353: No Internet Service | M1353: No Internet Service | N1353: No Internet Service | O1353: No Internet Service | P1353: Month-To-Month | Q1353: Yes | R1353: Electronic Check | S1353: 20.45 | T1353: =IF(Table1[[#This Row],[MonthlyCharges]]<=51,"Low",IF(Table1[[#This Row],[MonthlyCharges]]<=84,"Medium","High")) -> Low | U1353: 250.8 | V1353: No
A1354: 7722-Vjrqd | B1354: Male | C1354: 0 | D1354: Yes | E1354: Yes | F1354: 72 | G1354: No | H1354: No Phone Service | I1354: Dsl | J1354: Yes | K1354: No | L1354: Yes | M1354: Yes | N1354: Yes | O1354: Yes | P1354: Two Year | Q1354: No | R1354: Bank Transfer (Automatic) | S1354: 60.95 | T1354: =IF(Table1[[#This Row],[MonthlyCharges]]<=51,"Low",IF(Table1[[#This Row],[MonthlyCharges]]<=84,"Medium","High")) -> Medium | U1354: 4549.05 | V1354: No
... A3332: 8276-Mqbyc | B3332: Male | C3332: 1 | D3332: No | E3332: No | F3332: 51 | G3332: Yes | H3332: Yes | I3332: Fiber Optic | J3332: No | K3332: No | L3332: Yes | M3332: No | N3332: Yes | O3332: Yes | P3332: Month-To-Month | Q3332: Yes | R3332: Electronic Check | S3332: 97.8 | T3332: =IF(Table1[[#This Row],[MonthlyCharges]]<=51,"Low",IF(Table1[[#This Row],[MonthlyCharges]]<=84,"Medium","High")) -> High | U3332: 4913.3 | V3332: Yes
A3333: 7644-Omvmy | B3333: Male | C3333: 0 | D3333: Yes | E3333: Yes | F3333: 0 | G3333: Yes | H3333: No | I3333: No | J3333: No Internet Service | K3333: No Internet Service | L3333: No Internet Service | M3333: No Internet Service | N3333: No Internet Service | O3333: No Internet Service | P3333: Two Year | Q3333: No | R3333: Mailed Check | S3333: 19.85 | T3333: =IF(Table1[[#This Row],[MonthlyCharges]]<=51,"Low",IF(Table1[[#This Row],[MonthlyCharges]]<=84,"Medium","High")) -> Low | V3333: No
A3334: 7593-Xfkdi | B3334: Male | C3334: 0 | D3334: No | E3334: No | F3334: 1 | G3334: Yes | H3334: No | I3334: Dsl | J3334: No | K3334: No | L3334: No | M3334: No | N3334: No | O3334: No | P3334: Month-To-Month | Q3334: No | R3334: Mailed Check | S3334: 46.3 | T3334: =IF(Table1[[#This Row],[MonthlyCharges]]<=51,"Low",IF(Table1[[#This Row],[MonthlyCharges]]<=84,"Medium","High")) -> Low | U3334: 46.3 | V3334: Yes
A3335: 4573-Jknae | B3335: Male | C3335: 0 | D3335: No | E3335: Yes | F3335: 12 | G3335: Yes | H3335: No | I3335: No | J3335: No Internet Service | K3335: No Internet Service | L3335: No Internet Service | M3335: No Internet Service | N3335: No Internet Service | O3335: No Internet Service | P3335: Two Year | Q3335: No | R3335: Bank Transfer (Automatic) | S3335: 19.35 | T3335: =IF(Table1[[#This Row],[MonthlyCharges]]<=51,"Low",IF(Table1[[#This Row],[MonthlyCharges]]<=84,"Medium","High")) -> Low | U3335: 212.3 | V3335: No
A3336: 0337-Cnpze | B3336: Female | C3336: 0 | D3336: No | E3336: No | F3336: 41 | G3336: Yes | H3336: Yes | I3336: Fiber Optic | J3336: No | K3336: Yes | L3336: Yes | M3336: No | N3336: Yes | O3336: Yes | P3336: Month-To-Month | Q3336: Yes | R3336: Electronic Check | S3336: 106.3 | T3336: =IF(Table1[[#This Row],[MonthlyCharges]]<=51,"Low",IF(Table1[[#This Row],[MonthlyCharges]]<=84,"Medium","High")) -> High | U3336: 4443.45 | V3336: Yes
A3337: 9817-Aplhw | B3337: Male | C3337: 0 | D3337: No | E3337: No | F3337: 12 | G3337: Yes | H3337: Yes | I3337: No | J3337: No Internet Service | K3337: No Internet Service | L3337: No Internet Service | M3337: No Internet Service | N3337: No Internet Service | O3337: No Internet Service | P3337: Month-To-Month | Q3337: No | R3337: Electronic Check | S3337: 25 | T3337: =IF(Table1[[#This Row],[MonthlyCharges]]<=51,"Low",IF(Table1[[#This Row],[MonthlyCharges]]<=84,"Medium","High")) -> Low | U3337: 316.2 | V3337: No
A3338: 8380-Mqinp | B3338: Female | C3338: 0 | D3338: Yes | E3338: Yes | F3338: 55 | G3338: Yes | H3338: No | I3338: No | J3338: No Internet Service | K3338: No Internet Service | L3338: No Internet Service | M3338: No Internet Service | N3338: No Internet Service | O3338: No Internet Service | P3338: Two Year | Q3338: No | R3338: Mailed Check | S3338: 20.3 | T3338: =IF(Table1[[#This Row],[MonthlyCharges]]<=51,"Low",IF(Table1[[#This Row],[MonthlyCharges]]<=84,"Medium","High")) -> Low | U3338: 1079.05 | V3338: No
A3339: 0840-Dfezh | B3339: Female | C3339: 0 | D3339: No | E3339: No | F3339: 7 | G3339: Yes | H3339: Yes | I3339: Fiber Optic | J3339: No | K3339: No | L3339: No | M3339: No | N3339: No | O3339: No | P3339: Month-To-Month | Q3339: Yes | R3339: Electronic Check | S3339: 75.35 | T3339: =IF(Table1[[#This Row],[MonthlyCharges]]<=51,"Low",IF(Table1[[#This Row],[MonthlyCharges]]<=84,"Medium","High")) -> Medium | U3339: 564.65 | V3339: No
A3340: 1513-Xnpph | B3340: Female | C3340: 0 | D3340: No | E3340: No | F3340: 12 | G3340: Yes | H3340: No | I3340: Fiber Optic | J3340: No | K3340: No | L3340: Yes | M3340: Yes | N3340: No | O3340: Yes | P3340: Month-To-Month | Q3340: Yes | R3340: Electronic Check | S3340: 89.4 | T3340: =IF(Table1[[#This Row],[MonthlyCharges]]<=51,"Low",IF(Table1[[#This Row],[MonthlyCharges]]<=84,"Medium","High")) -> High | U3340: 1095.65 | V3340: Yes
A3341: 8690-Zvlcl | B3341: Female | C3341: 0 | D3341: Yes | E3341: Yes | F3341: 68 | G3341: Yes | H3341: Yes | I3341: Dsl | J3341: Yes | K3341: Yes | L3341: Yes | M3341: Yes | N3341: Yes | O3341: Yes | P3341: Two Year | Q3341: No | R3341: Credit Card (Automatic) | S3341: 88 | T3341: =IF(Table1[[#This Row],[MonthlyCharges]]<=51,"Low",IF(Table1[[#This Row],[MonthlyCharges]]<=84,"Medium","High")) -> High | U3341: 6161.9 | V3341: No
A3342: 6015-Vvhhe | B3342: Female | C3342: 1 | D3342: No | E3342: No | F3342: 5 | G3342: Yes | H3342: Yes | I3342: Fiber Optic | J3342: No | K3342: No | L3342: No | M3342: No | N3342: Yes | O3342: No | P3342: Month-To-Month | Q3342: Yes | R3342: Credit Card (Automatic) | S3342: 83.15 | T3342: =IF(Table1[[#This Row],[MonthlyCharges]]<=51,"Low",IF(Table1[[#This Row],[MonthlyCharges]]<=84,"Medium","High")) -> Medium | U3342: 446.05 | V3342: Yes
A3343: 1125-Snvck | B3343: Female | C3343: 1 | D3343: No | E3343: No | F3343: 49 | G3343: Yes | H3343: No | I3343: Dsl | J3343: No | K3343: No | L3343: No | M3343: No | N3343: No | O3343: No | P3343: Month-To-Month | Q3343: No | R3343: Mailed Check | S3343: 43.8 | T3343: =IF(Table1[[#This Row],[MonthlyCharges]]<=51,"Low",IF(Table1[[#This Row],[MonthlyCharges]]<=84,"Medium","High")) -> Low | U3343: 2106.05 | V3343: No
A3344: 0384-Lpite | B3344: Male | C3344: 0 | D3344: No | E3344: No | F3344: 40 | G3344: No | H3344: No Phone Service | I3344: Dsl | J3344: Yes | K3344: Yes | L3344: Yes | M3344: No | N3344: Yes | O3344: Yes | P3344: One Year | Q3344: No | R3344: Credit Card (Automatic) | S3344: 62.05 | T3344: =IF(Table1[[#This Row],[MonthlyCharges]]<=51,"Low",IF(Table1[[#This Row],[MonthlyCharges]]<=84,"Medium","High")) -> Medium | U3344: 2511.55 | V3344: No
A3345: 4616-Ewbnj | B3345: Female | C3345: 0 | D3345: No | E3345: No | F3345: 16 | G3345: Yes | H3345: No | I3345: No | J3345: No Internet Service | K3345: No Internet Service | L3345: No Internet Service | M3345: No Internet Service | N3345: No Internet Service | O3345: No Internet Service | P3345: One Year | Q3345: No | R3345: Bank Transfer (Automatic) | S3345: 20.1 | T3345: =IF(Table1[[#This Row],[MonthlyCharges]]<=51,"Low",IF(Table1[[#This Row],[MonthlyCharges]]<=84,"Medium","High")) -> Low | U3345: 318.6 | V3345: No
... A3827: 3620-Ehimz | B3827: Female | C3827: 0 | D3827: Yes | E3827: Yes | F3827: 52 | G3827: Yes | H3827: No | I3827: No | J3827: No Internet Service | K3827: No Internet Service | L3827: No Internet Service | M3827: No Internet Service | N3827: No Internet Service | O3827: No Internet Service | P3827: Two Year | Q3827: No | R3827: Mailed Check | S3827: 19.35 | T3827: =IF(Table1[[#This Row],[MonthlyCharges]]<=51,"Low",IF(Table1[[#This Row],[MonthlyCharges]]<=84,"Medium","High")) -> Low | U3827: 1031.7 | V3827: No
A3828: 3213-Vvolg | B3828: Male | C3828: 0 | D3828: Yes | E3828: Yes | F3828: 0 | G3828: Yes | H3828: Yes | I3828: No | J3828: No Internet Service | K3828: No Internet Service | L3828: No Internet Service | M3828: No Internet Service | N3828: No Internet Service | O3828: No Internet Service | P3828: Two Year | Q3828: No | R3828: Mailed Check | S3828: 25.35 | T3828: =IF(Table1[[#This Row],[MonthlyCharges]]<=51,"Low",IF(Table1[[#This Row],[MonthlyCharges]]<=84,"Medium","High")) -> Low | V3828: No
A3829: 6870-Ecshe | B3829: Female | C3829: 0 | D3829: No | E3829: No | F3829: 2 | G3829: Yes | H3829: No | I3829: No | J3829: No Internet Service | K3829: No Internet Service | L3829: No Internet Service | M3829: No Internet Service | N3829: No Internet Service | O3829: No Internet Service | P3829: One Year | Q3829: No | R3829: Mailed Check | S3829: 20.45 | T3829: =IF(Table1[[#This Row],[MonthlyCharges]]<=51,"Low",IF(Table1[[#This Row],[MonthlyCharges]]<=84,"Medium","High")) -> Low | U3829: 34.8 | V3829: No
...

Sheet Descriptive Stats
A1: SeniorCitizen | C1: tenure | E1: MonthlyCharges | G1: TotalCharges
A3: Mean | B3: 0.16214681 | C3: Mean | D3: 32.371149 | E3: Mean | F3: 64.761692 | G3: Mean | H3: 2283.3004
A4: Standard Error | B4: 0.0043922814 | C4: Standard Error | D4: 0.29264448 | E4: Standard Error | F4: 0.35854529 | G4: Standard Error | H4: 27.031384
A5: Median | B5: 0 | C5: Median | D5: 29 | E5: Median | F5: 70.35 | G5: Median | H5: 1397.475
A6: Mode | B6: 0 | C6: Mode | D6: 1 | E6: Mode | F6: 20.05 | G6: Mode | H6: 20.2
A7: Standard Deviation | B7: 0.36861161 | C7: Standard Deviation | D7: 24.559481 | E7: Standard Deviation | F7: 30.090047 | G7: Standard Deviation | H7: 2266.7714
A8: Sample Variance | B8: 0.13587452 | C8: Sample Variance | D8: 603.16811 | E8: Sample Variance | F8: 905.41093 | G8: Sample Variance | H8: 5138252.4
A9: Kurtosis | B9: 1.3625959 | C9: Kurtosis | D9: -1.3873716 | E9: Kurtosis | F9: -1.2572597 | G9: Kurtosis | H9: -0.23179876
A10: Skewness | B10: 1.8336327 | C10: Skewness | D10: 0.23953975 | E10: Skewness | F10: -0.22052443 | G10: Skewness | H10: 0.9616425
A11: Range | B11: 1 | C11: Range | D11: 72 | E11: Range | F11: 100.5 | G11: Range | H11: 8666
A12: Minimum | B12: 0 | C12: Minimum | D12: 0 | E12: Minimum | F12: 18.25 | G12: Minimum | H12: 18.8
A13: Maximum | B13: 1 | C13: Maximum | D13: 72 | E13: Maximum | F13: 118.75 | G13: Maximum | H13: 8684.8
A14: Sum | B14: 1142 | C14: Sum | D14: 227990 | E14: Sum | F14: 456116.6 | G14: Sum | H14: 16056169
A15: Count | B15: 7043 | C15: Count | D15: 7043 | E15: Count | F15: 7043 | G15: Count | H15: 7032

Sheet ANALYSIS
A1: Row Labels | B1: Count of customerID | F1: Row Labels | G1: Count of customerID | K1: Count of customerID | L1: Column Labels
A2: 0 | B2: 5901 | F2: Female | G2: 3488 | K2: Row Labels | L2: No | M2: Yes | N2: Grand Total | P2: Count of customerID | Q2: Column Labels | U2: Count of customerID | V2: Column Labels | Z2: Count of customerID | AA2: Column Labels | AE2: Count of customerID | AF2: Column Labels | AJ2: Count of customerID | AK2: Column Labels | AO2: Count of customerID | AP2: Column Labels | AT2: Count of customerID | AU2: Column Labels | AY2: Count of customerID | AZ2: Column Labels | BF2: Count of customerID | BG2: Column Labels | BL2: Count of customerID | BM2: Column Labels | BR2: Count of customerID | BS2: Column Labels | BW2: Count of customerID | BX2: Column Labels | CB2: Count of customerID | CC2: Column Labels | CG2: Count of customerID | CH2: Column Labels | CL2: Count of customerID | CM2: Column Labels | CQ2: Count of customerID | CR2: Column Labels | CV2: Count of customerID | CW2: Column Labels
A3: 1 | B3: 1142 | F3: Male | G3: 3555 | K3: Dsl | L3: 0.81040892 | M3: 0.18959108 | N3: 1 | P3: Row Labels | Q3: No | R3: Yes | S3: Grand Total | U3: Row Labels | V3: No | W3: Yes | X3: Grand Total | Y3: =GETPIVOTDATA("customerID",$U$2,"tenure",0,"Churn","Yes")/GETPIVOTDATA("customerID",$U$2,"tenure",0)*100 -> 48.284195 | Z3: Row Labels | AA3: No | AB3: Yes | AC3: Grand Total | AD3: =GETPIVOTDATA("customerID",$Z$2,"PaperlessBilling","No","Churn","Yes")/GETPIVOTDATA("customerID",$Z$2,"PaperlessBilling","No")*100 -> 16.330084 | AE3: Row Labels | AF3: No | AG3: Yes | AH3: Grand Total | AJ3: Row Labels | AK3: No | AL3: Yes | AM3: Grand Total | AO3: Row Labels | AP3: No | AQ3: Yes | AR3: Grand Total | AT3: Row Labels | AU3: No | AV3: Yes | AW3: Grand Total | AY3: Row Labels | AZ3: Bank Transfer (Automatic) | BA3: Credit Card (Automatic) | BB3: Electronic Check | BC3: Mailed Check | BD3: Grand Total | BF3: Row Labels | BG3: Month-To-Month | BH3: One Year | BI3: Two Year | BJ3: Grand Total | BL3: Row Labels | BM3: Month-To-Month | BN3: One Year | BO3: Two Year | BP3: Grand Total | BR3: Row Labels | BS3: No | BT3: Yes | BU3: Grand Total | BW3: Row Labels | BX3: No | BY3: Yes | BZ3: Grand Total | CB3: Row Labels | CC3: No | CD3: Yes | CE3: Grand Total | CG3: Row Labels | CH3: No | CI3: Yes | CJ3: Grand Total | CL3: Row Labels | CM3: No | CN3: Yes | CO3: Grand Total | CQ3: Row Labels | CR3: No | CS3: Yes | CT3: Grand Total | CV3: Row Labels | CW3: No | CX3: Yes | CY3: Grand Total
A4: Grand Total | B4: 7043 | F4: Grand Total | G4: 7043 | K4: Fiber Optic | L4: 0.58107235 | M4: 0.41892765 | N4: 1 | P4: No | Q4: 0.74955752 | R4: 0.25044248 | S4: 1 | U4: 0-11 | V4: 0.51715805 | W4: 0.48284195 | X4: 1 | Z4: No | AA4: 0.83669916 | AB4: 0.16330084 | AC4: 1 | AE4: Bank Transfer (Automatic) | AF4: 0.83290155 | AG4: 0.16709845 | AH4: 1 | AJ4: No | AK4: 0.67042021 | AL4: 0.32957979 | AM4: 1 | AO4: High | AP4: 0.65926558 | AQ4: 0.34073442 | AR4: 1 | AT4: No | AU4: 0.6872086 | AV4: 0.3127914 | AW4: 1 | AY4: Month-To-Month | AZ4: 589 | BA4: 543 | BB4: 1850 | BC4: 893 | BD4: 3875 | BF4: Dsl | BG4: 1223 | BH4: 570 | BI4: 628 | BJ4: 2421 | BL4: No | BM4: 1289 | BN4: 673 | BO4: 910 | BP4: 2872 | BR4: Bank Transfer (Automatic) | BS4: 653 | BT4: 891 | BU4: 1544 | BW4: No | BX4: 0.75073314 | BY4: 0.24926686 | BZ4: 1 | CB4: No | CC4: 0.66476868 | CD4: 0.33523132 | CE4: 1 | CG4: No | CH4: 0.66319569 | CI4: 0.33680431 | CJ4: 1 | CL4: Female | CM4: 0.73079128 | CN4: 0.26920872 | CO4: 1 | CQ4: 0 | CR4: 0.76393832 | CS4: 0.23606168 | CT4: 1 | CV4: No | CW4: 0.75073314 | CX4: 0.24926686 | CY4: 1
D5: =GETPIVOTDATA("customerID",$A$8,"Churn","No")/GETPIVOTDATA("customerID",$A$8)*100 -> 73.463013 | K5: No | L5: 0.9259502 | M5: 0.074049803 | N5: 1 | P5: No Phone Service | Q5: 0.75073314 | R5: 0.24926686 | S5: 1 | U5: 12-23 | V5: 0.70487106 | W5: 0.29512894 | X5: 1 | Z5: Yes | AA5: 0.66434908 | AB5: 0.33565092 | AC5: 1 | AD5: =GETPIVOTDATA("customerID",$Z$2,"PaperlessBilling","Yes","Churn","Yes")/GETPIVOTDATA("customerID",$Z$2,"PaperlessBilling","Yes")*100 -> 33.565092 | AE5: Credit Card (Automatic) | AF5: 0.84756899 | AG5: 0.15243101 | AH5: 1 | AJ5: Yes | AK5: 0.80335097 | AL5: 0.19664903 | AM5: 1 | AO5: Low | AP5: 0.83574679 | AQ5: 0.16425321 | AR5: 1 | AT5: Yes | AU5: 0.84549763 | AV5: 0.15450237 | AW5: 1 | AY5: One Year | AZ5: 391 | BA5: 398 | BB5: 347 | BC5: 337 | BD5: 1473 | BF5: Fiber Optic | BG5: 2128 | BH5: 539 | BI5: 429 | BJ5: 3096 | BL5: Yes | BM5: 2586 | BN5: 800 | BO5: 785 | BP5: 4171 | BR5: Credit Card (Automatic) | BS5: 640 | BT5: 882 | BU5: 1522 | BW5: Yes | BX5: 0.73290363 | BY5: 0.26709637 | BZ5: 1 | CB5: No Internet Service | CC5: 0.9259502 | CD5: 0.074049803 | CE5: 1 | CG5: No Internet Service | CH5: 0.9259502 | CI5: 0.074049803 | CJ5: 1 | CL5: Male | CM5: 0.73839662 | CN5: 0.26160338 | CO5: 1 | CQ5: 1 | CR5: 0.58318739 | CS5: 0.41681261 | CT5: 1 | CV5: Yes | CW5: 0.73290363 | CX5: 0.26709637 | CY5: 1
K6: Grand Total | L6: 0.73463013 | M6: 0.26536987 | N6: 1 | P6: Yes | Q6: 0.71390104 | R6: 0.28609896 | S6: 1 | U6: 24-35 | V6: 0.77968037 | W6: 0.22031963 | X6: 1 | Z6: Grand Total | AA6: 0.73463013 | AB6: 0.26536987 | AC6: 1 | AE6: Electronic Check | AF6: 0.54714588 | AG6: 0.45285412 | AH6: 1 | AJ6: Grand Total | AK6: 0.73463013 | AL6: 0.26536987 | AM6: 1 | AO6: Medium | AP6: 0.70490368 | AQ6: 0.29509632 | AR6: 1 | AT6: Grand Total | AU6: 0.73463013 | AV6: 0.26536987 | AW6: 1 | AY6: Two Year | AZ6: 564 | BA6: 581 | BB6: 168 | BC6: 382 | BD6: 1695 | BF6: No | BG6: 524 | BH6: 364 | BI6: 638 | BJ6: 1526 | BL6: Grand Total | BM6: 3875 | BN6: 1473 | BO6: 1695 | BP6: 7043 | BR6: Electronic Check | BS6: 623 | BT6: 1742 | BU6: 2365 | BW6: Grand Total | BX6: 0.73463013 | BY6: 0.26536987 | BZ6: 1 | CB6: Yes | CC6: 0.69929812 | CD6: 0.30070188 | CE6: 1 | CG6: Yes | CH6: 0.70058565 | CI6: 0.29941435 | CJ6: 1 | CL6: Grand Total | CM6: 0.73463013 | CN6: 0.26536987 | CO6: 1 | CQ6: Grand Total | CR6: 0.73463013 | CS6: 0.26536987 | CT6: 1 | CV6: Grand Total | CW6: 0.73463013 | CX6: 0.26536987 | CY6: 1
D7: CHURN RATE | F7: Count of customerID | G7: Column Labels | P7: Grand Total | Q7: 0.73463013 | R7: 0.26536987 | S7: 1 | U7: 36-47 | V7: 0.80481283 | W7: 0.19518717 | X7: 1 | AE7: Mailed Check | AF7: 0.808933 | AG7: 0.191067 | AH7: 1 | AO7: Grand Total | AP7: 0.73463013 | AQ7: 0.26536987 | AR7: 1 | AY7: Grand Total | AZ7: 1544 | BA7: 1522 | BB7: 2365 | BC7: 1612 | BD7: 7043 | BF7: Grand Total | BG7: 3875 | BH7: 1473 | BI7: 1695 | BJ7: 7043 | BR7: Mailed Check | BS7: 956 | BT7: 656 | BU7: 1612 | CB7: Grand Total | CC7: 0.73463013 | CD7: 0.26536987 | CE7: 1 | CG7: Grand Total | CH7: 0.73463013 | CI7: 0.26536987 | CJ7: 1
A8: Row Labels | B8: Count of customerID | D8: =GETPIVOTDATA("customerID",$A$8,"Churn","Yes")/GETPIVOTDATA("customerID",$A$8) -> 0.26536987 | F8: Row Labels | G8: No | H8: Yes | I8: Grand Total | U8: 48-59 | V8: 0.85 | W8: 0.15 | X8: 1 | AE8: Grand Total | AF8: 0.73463013 | AG8: 0.26536987 | AH8: 1 | BR8: Grand Total | BS8: 2872 | BT8: 4171 | BU8: 7043
A9: No | B9: 5174 | F9: Month-To-Month | G9: 0.57290323 | H9: 0.42709677 | I9: 1 | U9: 60-72 | V9: 0.93324343 | W9: 0.066756575 | X9: 1 | Y9: =GETPIVOTDATA("customerID",$U$2,"tenure",60,"Churn","Yes")/GETPIVOTDATA("customerID",$U$2,"tenure",60)*100 -> 6.6756575
A10: Yes | B10: 1869 | D10: =GETPIVOTDATA("customerID",$A$8,"Churn","Yes")/GETPIVOTDATA("customerID",$A$8)*100 -> 26.536987 | F10: One Year | G10: 0.88730482 | H10: 0.11269518 | I10: 1 | U10: Grand Total | V10: 0.73463013 | W10: 0.26536987 | X10: 1 | CW10: =GETPIVOTDATA("tenure",$CV$11) -> 72
A11: Grand Total | B11: 7043 | D11: =GETPIVOTDATA("customerID",$A$8) -> 7043 | F11: Two Year | G11: 0.97168142 | H11: 0.028318584 | I11: 1 | CV11: Max of tenure
F12: Grand Total | G12: 0.73463013 | H12: 0.26536987 | I12: 1 | CV12: 72
K13: =D8 -> 0.26536987
A14: Count of customerID | B14: Column Labels
A15: Row Labels | B15: No | C15: Yes | D15: Grand Total | CW15: Average of MonthlyCharges
A16: 0 | B16: 4508 | C16: 1393 | D16: 5901 | CW16: 64.761692
A17: Month-To-Month | B17: 1854 | C17: 1214 | D17: 3068
A18: One Year | B18: 1146 | C18: 137 | D18: 1283
A19: Two Year | B19: 1508 | C19: 42 | D19: 1550
A20: 1 | B20: 666 | C20: 476 | D20: 1142
A21: Month-To-Month | B21: 366 | C21: 441 | D21: 807
A22: One Year | B22: 161 | C22: 29 | D22: 190
A23: Two Year | B23: 139 | C23: 6 | D23: 145 | CY23: =CV12 -> 72
A24: Grand Total | B24: 5174 | C24: 1869 | D24: 7043

Sheet DASHBOARD
BH23: z

Sheet Sheet1
B1: SeniorCitizen | C1: tenure | D1: MonthlyCharges | E1: TotalCharges
A2: SeniorCitizen | B2: 1
A3: tenure | B3: 0.016566878 | C3: 1
A4: MonthlyCharges | B4: 0.22017334 | C4: 0.24789986 | D4: 1
A5: TotalCharges | B5: 0.10241061 | C5: 0.82588046 | D5: 0.6510648 | E5: 1

Sheet Numeric Extract
A1: SeniorCitizen | B1: tenure | C1: MonthlyCharges | D1: TotalCharges
A2: 0 | B2: 1 | C2: 29.85 | D2: 29.85
A3: 0 | B3: 34 | C3: 56.95 | D3: 1889.5
A4: 0 | B4: 2 | C4: 53.85 | D4: 108.15
A5: 0 | B5: 45 | C5: 42.3 | D5: 1840.75
A6: 0 | B6: 2 | C6: 70.7 | D6: 151.65
A7: 0 | B7: 8 | C7: 99.65 | D7: 820.5
A8: 0 | B8: 22 | C8: 89.1 | D8: 1949.4
A9: 0 | B9: 10 | C9: 29.75 | D9: 301.9
A10: 0 | B10: 28 | C10: 104.8 | D10: 3046.05
A11: 0 | B11: 62 | C11: 56.15 | D11: 3487.95
A12: 0 | B12: 13 | C12: 49.95 | D12: 587.45
A13: 0 | B13: 16 | C13: 18.95 | D13: 326.8
... A489: 0 | B489: 72 | C489: 88.6 | D489: 6201.95
A490: 0 | B490: 0 | C490: 52.55
A491: 0 | B491: 1 | C491: 74.35 | D491: 74.35
A492: 0 | B492: 63 | C492: 104.8 | D492: 6597.25
A493: 0 | B493: 2 | C493: 59 | D493: 114.15
A494: 0 | B494: 2 | C494: 74.4 | D494: 139.4
A495: 1 | B495: 61 | C495: 64.05 | D495: 3902.6
A496: 0 | B496: 1 | C496: 20.4 | D496: 20.4
A497: 0 | B497: 22 | C497: 43.75 | D497: 903.6
A498: 0 | B498: 28 | C498: 60.9 | D498: 1785.65
A499: 0 | B499: 70 | C499: 19.8 | D499: 1397.65
A500: 1 | B500: 5 | C500: 28.45 | D500: 131.05
A501: 0 | B501: 12 | C501: 99.7 | D501: 1238.45
A502: 0 | B502: 34 | C502: 116.25 | D502: 3899.05
... A754: 0 | B754: 7 | C754: 71.35 | D754: 515.75
A755: 0 | B755: 0 | C755: 20.25
A756: 0 | B756: 2 | C756: 90.35 | D756: 190.5
A757: 1 | B757: 20 | C757: 98.55 | D757: 1842.8
A758: 0 | B758: 66 | C758: 19.7 | D758: 1253.8
A759: 0 | B759: 3 | C759: 19.85 | D759: 57.2
A760: 0 | B760: 15 | C760: 85.9 | D760: 1269.55
A761: 0 | B761: 72 | C761: 90.35 | D761: 6563.4
A762: 0 | B762: 1 | C762: 20.8 | D762: 20.8
A763: 0 | B763: 22 | C763: 89.25 | D763: 1907.85
A764: 0 | B764: 3 | C764: 70.3 | D764: 208.85
A765: 0 | B765: 72 | C765: 66.85 | D765: 4758.8
A766: 0 | B766: 65 | C766: 19.9 | D766: 1292.6
A767: 0 | B767: 11 | C767: 35.8 | D767: 363.15
... A937: 1 | B937: 4 | C937: 83.25 | D937: 308.05
A938: 0 | B938: 0 | C938: 80.85
A939: 0 | B939: 6 | C939: 79.05 | D939: 434.5
A940: 0 | B940: 65 | C940: 108.05 | D940: 7118.9
A941: 0 | B941: 15 | C941: 19.9 | D941: 320.45
A942: 0 | B942: 24 | C942: 21.05 | D942: 531.55
A943: 0 | B943: 13 | C943: 30.15 | D943: 382.2
A944: 0 | B944: 24 | C944: 79.85 | D944: 2001
A945: 0 | B945: 72 | C945: 65.5 | D945: 4919.7
A946: 0 | B946: 54 | C946: 104.1 | D946: 5645.8
A947: 0 | B947: 3 | C947: 74.4 | D947: 215.8
A948: 0 | B948: 4 | C948: 20.5 | D948: 77.6
A949: 1 | B949: 32 | C949: 91.35 | D949: 2896.55
A950: 1 | B950: 35 | C950: 99.05 | D950: 3395.8
... A1083: 1 | B1083: 46 | C1083: 98.85 | D1083: 4564.9
A1084: 0 | B1084: 0 | C1084: 25.75
A1085: 0 | B1085: 2 | C1085: 80.95 | D1085: 171.15
A1086: 0 | B1086: 52 | C1086: 19.6 | D1086: 1012.4
A1087: 1 | B1087: 13 | C1087: 74.3 | D1087: 940.35
A1088: 1 | B1088: 11 | C1088: 89.7 | D1088: 1047.7
A1089: 0 | B1089: 32 | C1089: 87.65 | D1089: 2766.4
A1090: 1 | B1090: 17 | C1090: 100.45 | D1090: 1622.45
A1091: 0 | B1091: 16 | C1091: 74.75 | D1091: 1129.35
A1092: 0 | B1092: 51 | C1092: 107.45 | D1092: 5680.9
A1093: 0 | B1093: 29 | C1093: 75.35 | D1093: 2243.9
A1094: 0 | B1094: 70 | C1094: 64.95 | D1094: 4523.25
A1095: 0 | B1095: 71 | C1095: 100.45 | D1095: 7159.7
A1096: 0 | B1096: 41 | C1096: 68.5 | D1096: 2839.95
... A1341: 0 | B1341: 66 | C1341: 105 | D1341: 7133.25
A1342: 0 | B1342: 0 | C1342: 56.05
A1343: 0 | B1343: 3 | C1343: 54.7 | D1343: 169.45
A1344: 0 | B1344: 8 | C1344: 20 | D1344: 141.6
A1345: 0 | B1345: 64 | C1345: 73.05 | D1345: 4688.65
A1346: 0 | B1346: 28 | C1346: 20.5 | D1346: 563.05
A1347: 0 | B1347: 57 | C1347: 100.75 | D1347: 5985
A1348: 0 | B1348: 14 | C1348: 87.25 | D1348: 1258.6
A1349: 0 | B1349: 19 | C1349: 19.95 | D1349: 373.5
A1350: 0 | B1350: 10 | C1350: 79.95 | D1350: 857.2
A1351: 0 | B1351: 51 | C1351: 49.65 | D1351: 2553.35
A1352: 0 | B1352: 67 | C1352: 65.65 | D1352: 4322.85
A1353: 0 | B1353: 11 | C1353: 20.45 | D1353: 250.8
A1354: 0 | B1354: 72 | C1354: 60.95 | D1354: 4549.05
... A3332: 1 | B3332: 51 | C3332: 97.8 | D3332: 4913.3
A3333: 0 | B3333: 0 | C3333: 19.85
A3334: 0 | B3334: 1 | C3334: 46.3 | D3334: 46.3
A3335: 0 | B3335: 12 | C3335: 19.35 | D3335: 212.3
A3336: 0 | B3336: 41 | C3336: 106.3 | D3336: 4443.45
A3337: 0 | B3337: 12 | C3337: 25 | D3337: 316.2
A3338: 0 | B3338: 55 | C3338: 20.3 | D3338: 1079.05
A3339: 0 | B3339: 7 | C3339: 75.35 | D3339: 564.65
A3340: 0 | B3340: 12 | C3340: 89.4 | D3340: 1095.65
A3341: 0 | B3341: 68 | C3341: 88 | D3341: 6161.9
A3342: 1 | B3342: 5 | C3342: 83.15 | D3342: 446.05
A3343: 1 | B3343: 49 | C3343: 43.8 | D3343: 2106.05
A3344: 0 | B3344: 40 | C3344: 62.05 | D3344: 2511.55
A3345: 0 | B3345: 16 | C3345: 20.1 | D3345: 318.6
... A3827: 0 | B3827: 52 | C3827: 19.35 | D3827: 1031.7
A3828: 0 | B3828: 0 | C3828: 25.35
A3829: 0 | B3829: 2 | C3829: 20.45 | D3829: 34.8
...
